Date	Notes	Run Type	Time	Armor Shards	Basic	Black Hole Damage	Boss	Cannon Shards	Cash Earned	Cash from Golden Tower	Cells Earned	Chain Lightning Damage	Coins Earned	Coins Fetched	Coins from Blackhole	Coins from Coin Bonuses	Coins from Coin Upgrade	Coins from Death Wave	Coins from Golden Tower	Coins from Orbs	Coins from Spotlight	Coins Stolen	Commanders	Common Modules	Core Shards	Damage	Damage Dealt	Damage Gain From Berserk	Damage Taken	Damage Taken Wall	Damage Taken While Berserked	Death Defy	Death Ray Damage	Death Wave Damage	Destroyed by Death ray	Destroyed by Land Mine	Destroyed by Orbs	Destroyed by Thorns	Fast	Flame bot damage	Free Attack Upgrade	Free Defense Upgrade	Free Utility Upgrade	Game Time	Gem Blocks Tapped	Gems	Generator Shards	Golden bot coins earned	Guardian catches	HP From Death Wave	Inner Land Mine Damage	Interest Earned	Killed By	Land Mine Damage	Land Mines Spawned	Lifesteal	Medals	Orb Damage	Orb Hits	Overcharges	Projectiles Count	Projectiles Damage	Protector	Ranged	Rare Modules	Rays	Real Time	Recovery Packages	Rend Armor Damage	Reroll Shards	Reroll Shards Earned	Saboteurs	Scatters	Smart Missile Damage	Swamp Damage	Tank	Thorn Damage	Thunder bot stuns	Tier	Total Elites	Total Enemies	Vampires	Wave	Waves Skipped
2025-08-31		farm	15:47:00	21	349463	335.11S	452	18	$5.40B	$3.02B	53.57K	0	1.48T	3.11B	33.43B	1.24T	94.39B	1.36B	97.49B	0	0	2.65B	0	3	9	0	5.86O	x8.00	600.80T	73.54q	1.39Q	1	0	7.07Q	0	25762	561487	51290	151094	0	1291	1883	1220	1d 14h 4m 37s	8	0	15	899.37M	0	3.02T	0	$11.94M	Ranged	21.82s	244872	213.79B	0	4.53O	562.30K	0	10.53M	273.47s	876	126974	0	1150	8h 4m 30s	3495	236.85s	208	5.93K	0	1224	0	0	145754	998.78S	0	10	3574	812980	1200	5975	1380
2025-08-30		tournament	19:00:00	0	19180	362.99q	299	0	$89.30M	$68.42M	66	89.38Q	2.07B	0	76.74M	1.77B	71.44M	2.47M	138.27M	0	0	0	0	0	0	15.82T	112.61Q	x8.00	1.22q	564.25T	3.20q	0	845.64q	1.91q	288	379	741	326	4945	0	283	290	287	4h 1m 29s	1	0	0	1.98M	0	0.00	0	$1.20M	Basic	57.63q	10037	219.60T	0	2.37Q	18.60K	0	690.96K	16.75Q	248	2918	0	5	1h 0m 22s	393	5.65Q	0	2.42K	0	2	14.73q	0	4903	2.83Q	0	11+	9	32562	2	475	0
2025-08-30		tournament	07:47:00	0	17525	182.44q	267	0	$77.92M	$58.96M	61	42.45Q	1.91B	0	71.35M	1.63B	66.10M	2.68M	127.80M	0	0	0	0	0	0	7.28B	57.03Q	x8.00	307.39T	561.18T	2.28q	1	448.59q	1.52q	287	374	650	149	4437	0	267	248	284	3h 44m 55s	1	0	0	2.58M	0	0.00	0	$1.14M	Tank	40.76q	8933	20.61T	0	1.42Q	16.39K	0	598.56K	11.52Q	218	2596	0	5	56m 13s	325	3.52Q	0	2.08K	0	2	9.95q	0	4188	955.38q	0	11+	9	29300	2	442	0
2025-08-30		farm	06:44:00	15	312546	16.68S	405	15	$62.27B	$40.95B	40.38K	17.58M	818.27B	1.73B	19.20B	697.26B	39.64B	788.40M	57.20B	0	0	1.35B	0	4	12	0	302.34S	x8.00	1.65q	25.91q	488.92q	1	0	994.24q	0	29216	472224	33262	125586	0	1518	1831	1311	1d 9h 38m 7s	1	7	15	578.19M	0	0.00	0	$10.56M	Fast	2.13s	207167	16.78T	7	230.95S	472.91K	0	8.36M	43.21s	775	105750	0	879	6h 57m 51s	3123	37.54s	224	4.99K	0	914	2.60Q	66.04s	124409	54.59S	0	10	2729	698041	936	5283	1220
2025-08-29		farm	23:14:00	27	355048	288.42S	459	9	$9.19B	$5.80B	54.19K	127.26Q	1.55T	3.14B	35.76B	1.30T	100.72B	1.43B	106.78B	0	0	2.53B	0	3	15	0	5.24O	x8.00	582.30T	75.02q	1.37Q	0	0	1.38Q	0	25569	589340	54162	154418	0	1415	1850	1155	1d 14h 38m 46s	8	13	3	1.01B	0	0.00	0	$12.08M	Basic	3.84s	248696	0	3	4.07O	590.00K	0	11.16M	49.10s	894	130159	1	1251	8h 6m 38s	3466	42.59s	272	5.54K	0	1179	5.74Q	146.79s	150750	877.34S	0	10	3588	828439	1158	6033	1384
2025-08-29		farm	15:07:00	18	352833	286.82S	465	24	$16.37B	$10.64B	55.04K	184.92q	1.55T	3.14B	35.79B	1.30T	100.65B	1.44B	106.96B	0	0	2.60B	0	0	6	0	5.15O	x8.00	590.27T	71.50q	1.31Q	0	0	1.45Q	0	25512	574019	51632	152744	0	1518	1947	1146	1d 14h 30m 27s	6	5	15	1.01B	0	3.00T	0	$12.02M	Ranged	3.64s	246743	0	2	4.01O	574.75K	0	10.81M	49.57s	871	128996	0	1173	8h 7m 13s	3529	43.03s	240	7.55K	0	1210	5.43Q	136.12s	149595	846.95S	0	10	3608	823090	1225	6025	1397
2025-08-29		farm	06:43:00	24	354040	342.07S	467	9	$23.54B	$15.38B	56.21K	0	1.57T	3.00B	35.92B	1.32T	100.58B	1.48B	107.14B	0	0	2.49B	0	2	21	0	6.05O	x8.00	701.00T	79.05q	1.44Q	0	0	1.54Q	0	23925	582981	22922	154207	0	1043	1340	1194	1d 14h 51m 23s	8	15	15	1.04B	0	0.00	29.44Q	$12.09M	Fast	3.69s	249653	1.44T	8	4.67O	583.70K	0	11.50M	43.53s	892	129902	1	281	8h 11m 35s	3546	37.96s	272	6.03K	0	299	0	0	150203	1.04O	0	10	855	827559	275	6043	1393
2025-08-28		farm	16:23:00	18	349521	278.47S	458	18	$27.21B	$17.82B	54.42K	0	1.49T	3.05B	33.87B	1.25T	93.17B	1.37B	100.27B	0	0	2.66B	0	0	15	0	5.06O	x8.00	571.44T	66.36q	1.21Q	0	0	1.64Q	0	25621	566495	43635	150966	0	1148	1474	1184	1d 14h 8m 27s	8	0	15	966.06M	0	3.00T	0	$11.90M	Ranged	3.82s	243431	0	0	3.94O	567.22K	0	10.44M	71.58s	863	127234	2	999	8h 10m 45s	3515	62.36s	400	6.83K	0	926	0	147.30s	146385	839.52S	0	10	2874	810712	949	5969	1389
2025-08-28		farm	07:06:00	15	352183	373.35S	467	6	$20.68B	$13.66B	52.80K	980.49K	1.56T	3.00B	36.33B	1.30T	102.04B	1.45B	108.45B	0	0	2.42B	0	2	24	0	6.48O	x8.00	571.09T	75.75q	1.38Q	0	0	6.83Q	0	44771	554101	56747	153600	0	1241	1732	1202	1d 14h 32m 19s	4	20	21	1.01B	0	2.93T	0	$12.06M	Ranged	27.76s	241377	131.50B	10	5.01O	554.76K	0	10.50M	228.35s	886	128783	0	1144	8h 5m 54s	3564	198.04s	336	6.17K	0	1275	0	0	148440	1.09O	0	10	3565	824041	1146	6031	1392
2025-08-27		farm	18:16:00	24	352498	285.99S	467	30	$12.42B	$8.00B	53.44K	0	1.46T	2.77B	34.09B	1.23T	94.40B	1.34B	101.48B	0	0	2.39B	0	0	6	0	5.06O	x8.00	543.40T	74.44q	1.36Q	0	0	10.40Q	0	29232	552950	59388	151334	0	1518	1402	1152	1d 14h 17m 33s	7	0	24	979.13M	0	0.00	0	$11.98M	Basic	20.68s	244568	120.38T	0	3.90O	553.80K	0	10.56M	206.10s	892	127198	0	1189	7h 59m 22s	3523	177.49s	272	5.77K	0	1190	0	0	148204	867.87S	0	10	3576	817987	1197	6000	1391
2025-08-27		tournament	09:39:00	6	100377	1.63s	162	0	$830.35M	$668.12M	870	32.14s	5.55B	9.53M	290.33M	4.43B	230.98M	11.01M	540.79M	0	0	34.87M	0	2	3	0	72.02s	x8.00	2.09q	876.24T	5.62q	0	17.01s	46.45q	6113	7969	5253	18463	22700	0	670	698	707	9h 39m 37s	3	0	0	8.95M	0	0.00	0	$2.95M	Basic	18.25Q	49299	120.38T	0	4.08s	128.02K	0	1.89M	3.45s	182	17421	0	43	2h 24m 54s	891	2.66s	18	1.13K	0	43	3.93Q	0	23900	13.69s	0	8+	148	166180	62	1138	0
2025-08-27		tournament	09:39:00	6	100377	1.63s	162	0	$830.35M	$668.12M	870	32.14s	5.55B	9.53M	290.33M	4.43B	230.98M	11.01M	540.79M	0	0	34.87M	0	2	3	0	72.02s	x8.00	2.09q	876.24T	5.62q	0	17.01s	46.45q	6113	7969	5253	18463	22700	0	670	698	707	9h 39m 37s	3	0	0	8.95M	0	0.00	0	$2.95M	Basic	18.25Q	49299	120.38T	0	4.08s	128.02K	0	1.89M	3.45s	182	17421	0	43	2h 24m 54s	891	2.66s	18	1.13K	0	43	3.93Q	0	23900	13.69s	0	8+	148	166180	62	1138	0
2025-08-27		farm	07:11:00	33	314677	19.44S	410	21	$57.90B	$37.91B	39.75K	0	1.27T	2.32B	29.10B	1.07T	81.90B	1.12B	86.66B	0	0	2.19B	0	1	18	0	339.22S	x8.00	644.14T	29.99q	547.38q	0	0	856.93q	0	25470	467103	53220	126580	0	1471	1562	1203	1d 9h 50m 20s	3	13	9	839.53M	0	0.00	15.80Q	$10.62M	Fast	2.71s	210453	0	7	253.62S	467.92K	0	8.91M	31.65s	769	107079	0	925	7h 0m 14s	3117	27.19s	176	6.41K	0	915	0	0	125021	66.13S	0	10	2792	703472	952	5317	1229
2025-08-26		farm	23:13:00	15	346776	337.89S	449	18	$5.15B	$3.23B	53.45K	6.42s	1.43T	2.66B	33.62B	1.19T	94.02B	1.32B	100.04B	0	0	2.44B	0	3	6	0	5.91O	x8.00	548.13T	74.49q	1.36Q	0	0	2.00Q	0	23150	563252	58856	148150	0	1337	1894	1224	1d 13h 20m 47s	4	7	6	940.41M	0	2.89T	34.03Q	$11.75M	Ranged	3.80s	240936	0	3	4.59O	563.91K	0	10.97M	62.94s	860	125039	1	1142	7h 38m 52s	3425	55.08s	224	5.45K	0	1159	8.50Q	0	144282	977.53S	0	10	3434	801745	1133	5883	1359
2025-08-26		farm	15:20:00	21	346301	264.46S	454	18	$11.73B	$7.53B	50.92K	393.74Q	1.47T	2.99B	34.52B	1.23T	97.21B	1.40B	103.03B	0	0	2.34B	0	0	9	0	4.77O	x8.00	555.60T	67.76q	1.24Q	0	0	7.35Q	0	30274	554986	49927	148951	0	1301	1722	1225	1d 13h 46m 53s	7	0	9	1.01B	0	0.00	0	$11.84M	Basic	20.23s	239799	503.08B	0	3.70O	555.77K	0	10.21M	263.77s	857	126367	0	1170	7h 46m 34s	3515	228.92s	272	6.03K	0	1147	85.39q	0	145323	809.55S	0	10	3444	804347	1127	5921	1366
2025-08-26		farm	07:14:00	15	347446	236.21S	454	15	$11.61B	$7.58B	54.52K	6.43s	1.43T	2.94B	33.31B	1.19T	92.66B	1.34B	99.39B	0	0	2.36B	0	1	12	0	4.14O	x8.00	614.16T	74.93q	1.37Q	2	0	1.91Q	0	38269	542437	62598	149195	0	1363	1627	1206	1d 13h 58m 26s	2	11	15	1.01B	0	0.00	31.29Q	$11.91M	Fast	4.95s	238269	362.31B	6	3.19O	543.23K	0	10.59M	46.72s	882	126061	0	1191	7h 45m 31s	3465	40.73s	224	6.59K	0	1184	7.86Q	0	145698	717.98S	0	10	3498	806584	1123	5950	1369
2025-08-25		farm	22:28:00	18	348386	267.52S	460	30	$13.05B	$8.48B	54.02K	10.20Q	1.48T	2.87B	34.44B	1.24T	95.92B	1.40B	102.32B	0	0	2.58B	0	2	12	0	4.79O	x8.00	732.75T	70.42q	1.29Q	1	0	1.78Q	0	25307	555887	56957	149484	0	1130	1426	1186	1d 13h 37m 42s	8	9	18	1.03B	0	2.89T	25.58Q	$11.87M	Ranged	4.22s	243171	362.31B	4	3.72O	556.71K	0	10.60M	53.72s	862	126892	0	1171	7h 58m 27s	3462	46.67s	288	5.65K	0	1160	243.89T	0	146234	799.93S	0	10	3494	808672	1163	5943	1375
2025-08-25		farm	16:00:00	24	352069	264.39S	464	21	$13.67B	$9.03B	54.46K	91.58Q	1.45T	2.84B	34.06B	1.21T	94.17B	1.34B	101.29B	0	0	2.29B	0	1	6	0	5.06O	x8.00	555.29T	73.21q	1.34Q	0	0	1.38Q	0	25259	593380	52530	151595	0	1518	1421	1163	1d 14h 20m 13s	6	9	18	929.99M	0	2.87T	0	$11.99M	Ranged	3.51s	246184	0	0	3.92O	594.10K	0	10.64M	43.66s	880	129167	1	1186	8h 3m 40s	3469	37.78s	128	5.56K	0	1141	126.10q	130.40s	149658	865.65S	0	10	3539	819585	1212	6004	1389
2025-08-25	With new ancestral Primordial Collapse module, 3x BH	farm	06:00:00	18	353999	310.04S	466	6	$26.89B	$17.64B	53.51K	1.27q	1.53T	2.86B	35.45B	1.28T	99.22B	1.41B	105.22B	0	0	2.50B	0	3	30	0	5.72O	x8.00	567.60T	68.42q	1.25Q	1	0	7.85Q	0	33720	592334	46842	153684	0	849	1304	1158	1d 14h 50m 29s	7	11	15	1.01B	0	0.00	0	$12.05M	Fast	22.92s	245108	0	10	4.47O	593.20K	0	9.89M	253.32s	878	129318	0	1176	8h 14m 18s	3493	218.98s	320	6.22K	0	1201	102.20T	0	149369	933.05S	0	10	3558	824902	1181	6029	1392
2025-08-24	Milestone run for T13	milestone	18:30:00	0	20693	10.68s	49	3	$67.87M	$41.20M	184	5.50s	3.61B	5.68M	80.41M	3.28B	83.56M	3.84M	142.57M	0	0	63.74M	0	0	6	0	299.10s	x8.00	42.20T	320.26T	1.19q	0	0	62.22q	0	1	26639	82	4146	0	331	353	371	4h 58m 32s	2	0	0	2.78M	0	0.00	0	$1.32M	Fast	1.13Q	9933	935.21B	0	276.00s	26.80K	0	524.77K	3.35s	87	2775	0	4	1h 14m 37s	396	694.10Q	25	1.22K	0	5	61.83q	0	4073	3.57s	0	13	13	31986	4	665	152
2025-08-24	Milestone run for T13	milestone	17:12:00	0	13140	381.79Q	34	0	$32.81M	$18.56M	125	3.15s	2.52B	4.48M	53.09M	2.27B	81.18M	2.49M	94.31M	0	0	37.21M	0	0	0	0	22.68s	x8.00	16.54T	29.74T	119.07T	0	0	23.77q	0	3	13508	32	2283	0	248	226	208	3h 22m 33s	0	0	3	1.69M	0	0.00	0	$892.31K	Fast	412.93q	5965	935.21B	0	17.49s	13.62K	0	217.05K	1.14s	58	1472	0	4	47m 10s	256	146.66Q	75	755	0	1	117.95q	0	2302	520.85Q	0	13	7	19326	2	450	102
2025-08-24		farm	16:04:00	6	351587	270.84S	454	15	$27.69B	$17.82B	55.63K	92.26Q	1.15T	2.35B	26.79B	969.98B	75.69B	850.15M	74.87B	0	0	2.16B	0	2	21	0	4.77O	x8.00	487.54T	67.20q	1.19Q	1	0	408.11q	0	27573	593259	50312	151507	0	1313	1336	1174	1d 13h 59m 52s	8	4	15	805.08M	0	0.00	30.71Q	$11.99M	Scatter	4.40s	245117	935.21B	3	3.75O	596.53K	0	10.50M	41.65s	865	128015	0	1193	7h 50m 48s	3475	36.54s	240	6.87K	0	1233	904.86q	0	147752	749.22S	0	10	3585	818269	1159	6009	1397
2025-08-24		farm	07:56:00	27	350036	221.69S	461	18	$9.60B	$6.18B	51.51K	4.96M	1.22T	2.14B	28.14B	1.03T	79.32B	865.27M	79.00B	0	0	2.04B	0	0	18	0	3.98O	x8.00	618.72T	66.15q	1.17Q	2	0	2.52Q	0	36668	571425	47905	150596	0	811	1389	1098	1d 14h 35m 44s	7	16	18	840.21M	0	0.00	0	$11.99M	Basic	31.90s	241547	935.21B	7	3.14O	574.69K	0	10.26M	195.04s	878	128609	0	1197	8h 2m 39s	3485	171.20s	208	5.77K	0	1150	0	0	148102	615.71S	0	10	3540	815051	1193	5993	1378
2025-08-23	With AD, Demon Mode, and keeping Ulit Crit through whole run. Will drop Slow. Swapped Negative Mass Projector with vanilla Lengendary+ Mod due to higher lvl and thorns +2% dmg	tournament	19:29:00	0	25770	11.30Q	403	0	$135.02M	$99.52M	315	964.22Q	2.43B	0	87.64M	2.08B	85.55M	2.82M	160.05M	0	0	0	0	0	0	25.09q	2.10s	x8.00	790.24T	751.25T	3.33q	0	0	5.61q	0	1342	19195	565	7327	0	379	375	395	5h 11m 10s	2	0	0	2.57M	0	0.00	0	$1.57M	Basic	196.36q	14042	17.66T	0	843.77Q	28.55K	0	488.76K	122.32Q	360	4694	0	16	1h 22m 40s	468	7.43Q	0	3.15K	0	15	54.98q	0	7243	159.11Q	0	11+	42	46289	11	617	5
2025-08-23	With Death Penalty and Super Tower	tournament	17:48:00	0	24032	5.28Q	364	0	$124.19M	$93.06M	360	416.97Q	2.22B	0	81.47M	1.89B	79.79M	2.78M	148.77M	0	0	0	0	0	0	2.63q	921.52Q	x8.00	69.35T	659.58T	2.32q	1	34.88Q	3.16q	255	1312	17452	283	6736	0	361	354	384	4h 52m 15s	2	0	0	2.14M	0	0.00	0	$1.45M	Basic	153.75q	12898	17.17T	0	367.28Q	27.17K	0	451.16K	62.68Q	311	4170	0	15	1h 13m 3s	459	8.48Q	0	2.70K	0	12	24.07q	0	6719	34.25Q	0	11+	37	42729	10	576	0
2025-08-23	With Super Tower, swap from crit + ult cirt at end, no major diff	tournament	16:20:00	0	25162	8.04Q	393	0	$137.03M	$103.03M	380	750.39Q	2.39B	0	87.55M	2.04B	85.38M	2.68M	160.90M	0	0	0	0	0	0	7.32q	1.63s	x8.00	41.56T	753.09T	2.61q	0	80.31Q	2.30q	447	838	18470	289	7142	0	364	378	391	5h 5m 41s	1	0	0	2.97M	0	0.00	0	$1.55M	Basic	230.35q	13613	8.60T	0	623.18Q	27.39K	0	455.24K	121.80Q	321	4630	0	16	1h 16m 25s	473	20.70Q	0	3.08K	0	14	88.20q	0	7048	49.53Q	0	11+	41	45157	11	605	2
2025-08-23	With Net, no major diff	tournament	14:56:00	0	25037	8.03Q	387	0	$129.10M	$96.81M	332	785.79Q	2.54B	0	94.75M	2.17B	88.94M	2.80M	171.27M	0	0	0	0	0	0	24.18q	1.55s	x8.00	45.09T	723.42T	2.51q	2	69.60Q	2.63q	493	1007	18959	304	6934	0	365	355	367	5h 4m 24s	2	0	0	3.12M	0	0.00	0	$1.54M	Basic	285.23q	13655	7.46T	0	554.05Q	27.94K	0	492.40K	94.98Q	302	4732	0	15	1h 16m 6s	456	12.14Q	0	3.83K	0	14	81.37q	0	7141	37.11Q	0	11+	40	44993	11	600	0
2025-08-23	Super Tower + Crit Chance	tournament	10:38:00	0	23814	5.17Q	377	0	$136.15M	$102.31M	359	543.76Q	1.99B	0	70.80M	1.70B	74.38M	2.22M	133.24M	0	0	0	0	0	0	5.75q	1.04s	x8.00	69.23T	668.48T	2.34q	1	3.53Q	8.27q	36	1260	12844	269	6759	0	373	373	371	4h 53m 5s	2	0	0	2.34M	0	0.00	0	$1.48M	Fast	347.77q	12820	5.96T	0	364.24Q	17.02K	0	431.08K	69.92Q	309	4218	0	15	1h 13m 17s	439	35.58Q	0	2.63K	0	12	31.79q	0	6666	50.05Q	0	11+	37	42540	10	578	0
2025-08-23		farm	06:16:00	9	277587	1.73S	362	6	$13.75B	$9.06B	29.39K	3.59M	770.22B	1.43B	17.85B	647.23B	50.82B	523.58M	50.15B	0	0	1.54B	0	2	9	0	35.30S	x8.00	843.61T	3.88q	70.20q	0	0	684.29q	0	44294	456553	12479	104001	0	1718	2149	1240	1d 5h 44m 14s	1	4	3	450.52M	0	0.00	0	$9.32M	Basic	8.22s	171250	0	4	31.10S	459.76K	0	5.94M	85.71s	675	86570	0	675	6h 10m 8s	2711	74.42s	128	4.28K	0	723	12.54Q	0	104081	2.38S	0	10	2097	596409	699	4652	1064
2025-08-22		farm	23:58:00	6	350991	301.87S	456	18	$2.63B	$1.22B	51.85K	14.02Q	1.11T	2.34B	26.12B	935.72B	73.78B	787.51M	73.00B	0	0	1.94B	0	3	15	0	5.41O	x8.00	461.76T	69.73q	1.24Q	0	0	422.05q	0	36110	634182	48884	151477	0	939	1486	1220	1d 13h 57m 55s	10	16	12	627.84M	0	2.26T	0	$11.98M	Ranged	4.57s	241659	0	6	4.29O	638.66K	0	10.40M	30.87s	873	128499	1	1121	7h 42m 53s	3479	26.94s	224	5.85K	0	1199	8.20Q	148.01s	147257	819.29S	0	10	3493	817065	1173	5988	1378
2025-08-22		farm	07:19:00	12	346351	325.07S	452	15	$15.79B	$10.33B	50.64K	2.00s	983.88B	1.91B	23.29B	829.55B	60.00B	748.25M	65.51B	0	0	2.01B	0	0	18	0	5.79O	x8.00	633.42T	68.82q	1.23Q	0	0	3.75Q	0	24719	622366	49896	147929	0	1718	2128	1223	1d 13h 47m 39s	1	14	15	594.49M	0	2.22T	0	$11.80M	Ranged	8.80s	240109	0	9	4.54O	626.37K	0	10.41M	70.32s	854	125125	0	1080	7h 51m 41s	3428	61.41s	176	5.47K	0	1155	48.40Q	0	143444	926.34S	0	10	3378	799923	1143	5900	1357
2025-08-21		farm	22:10:00	12	348739	279.75S	455	18	$13.33B	$8.56B	53.24K	247.22Q	1.16T	1.88B	26.66B	974.64B	74.50B	843.73M	74.66B	0	0	1.97B	0	4	15	0	4.88O	x8.00	443.10T	62.66q	1.12Q	0	68.57M	269.83q	117	19309	614813	44113	149528	0	883	1415	1220	1d 14h 3m 53s	8	5	12	796.16M	0	2.21T	0	$11.93M	Ranged	1.09s	244887	361.08T	1	3.86O	618.01K	0	11.11M	10.83s	878	126311	0	1127	7h 51m 35s	3463	9.54s	320	5.81K	0	1165	4.88Q	100.12s	146577	741.36S	0	10	3472	808963	1180	5966	1376
2025-08-21		farm	14:14:00	12	283285	2.39S	368	15	$51.57B	$33.78B	31.23K	692.14Q	809.78B	1.55B	18.43B	683.00B	52.07B	576.09M	51.78B	0	0	1.48B	0	0	18	0	44.19S	x8.00	974.67T	7.11q	128.48q	1	0	897.83q	0	24349	428337	20512	106409	0	888	1577	1285	1d 6h 23m 51s	5	0	15	552.38M	0	0.00	0	$9.53M	Tank	2.55s	182641	361.02T	0	35.50S	430.60K	0	7.02M	32.05s	682	89807	1	726	6h 21m 34s	2725	27.80s	144	5.10K	0	749	10.11Q	0	106740	6.26S	0	10	2189	611287	714	4754	1087
2025-08-21	cl unlocked	farm	07:33:00	18	346831	335.18S	451	18	$15.81B	$10.39B	52.40K	257.93Q	1.01T	1.89B	23.92B	854.64B	61.61B	792.62M	67.11B	0	0	1.73B	0	1	15	0	5.77O	x8.00	440.07T	67.81q	1.21Q	0	0	311.20q	0	18261	614204	48674	148820	0	1682	1981	1154	1d 13h 54m 51s	2	11	15	758.49M	0	2.21T	0	$11.86M	Ranged	885.65Q	243445	355.02T	3	4.54O	617.69K	0	11.43M	11.07s	872	125743	0	1106	7h 47m 39s	3459	9.68s	272	6.50K	0	1127	5.76Q	100.39s	145361	892.57S	0	10	3369	803614	1136	5933	1368
2025-08-20		farm	23:28:00	15	351150	293.68S	460	21	$4.47B	$2.40B	52.94K	0	1.18T	2.19B	27.31B	995.88B	75.99B	853.74M	76.82B	0	0	2.09B	0	2	12	0	5.25O	x8.00	467.31T	74.08q	1.32Q	1	0	430.58q	0	30791	625554	65565	151737	0	2096	2348	1179	1d 14h 10m 12s	9	9	18	721.72M	0	2.21T	37.22Q	$11.99M	Ranged	4.78s	244173	355.02T	7	4.13O	629.65K	0	10.71M	32.23s	893	128030	1	1105	7h 52m 24s	3532	28.13s	192	5.95K	0	1198	8.72Q	0	148015	827.05S	0	10	3505	817889	1202	6003	1390
2025-08-20		tournament	14:30:00	0	57970	98.19Q	152	0	$416.26M	$336.88M	605	0	4.42B	6.44M	245.31M	3.45B	184.75M	8.20M	482.08M	0	0	14.41M	0	0	6	0	9.81s	x8.00	2.16q	263.39T	3.08q	0	681.05Q	12.10q	6376	4533	29632	8726	12180	0	639	624	636	9h 3m 35s	2	0	0	10.28M	0	0.00	0	$2.76M	Vampire	5.39Q	27754	355.02T	0	2.35s	41.22K	0	1.63M	854.89Q	171	9456	1	36	2h 15m 53s	818	732.49Q	9	1.12K	0	33	92.57q	0	12775	5.83s	0	8+	112	93806	43	1065	0
2025-08-20		farm	11:26:00	15	374913	526.24S	492	6	$18.33B	$11.92B	47.73K	0	1.08T	2.14B	27.95B	888.49B	76.24B	828.12M	78.67B	0	0	1.83B	0	3	12	0	9.88O	x8.00	516.87T	71.09q	1.23Q	0	0	3.25Q	0	34435	698461	51550	170020	0	2218	3420	1374	1d 17h 47m 55s	5	3	9	746.39M	0	0.00	0	$12.92M	Basic	35.03s	267231	809.04B	1	7.80O	702.97K	0	10.53M	199.82s	808	144828	0	799	8h 48m 15s	3719	174.78s	286	5.87K	0	892	55.83Q	0	163739	1.56O	0	9	2521	895153	830	6466	1494
2025-08-19		farm	15:15:00	24	348544	238.72S	463	15	$18.72B	$12.25B	51.59K	0	1.13T	2.11B	26.72B	943.02B	74.31B	825.49M	74.94B	0	0	2.13B	0	1	9	0	4.23O	x8.00	514.11T	69.49q	1.20Q	0	0	361.62q	0	18847	638971	57722	149883	0	872	1466	1172	1d 14h 7m 14s	9	2	12	733.24M	0	0.00	33.20Q	$11.89M	Fast	3.39s	244154	0	0	3.29O	642.84K	0	10.69M	25.48s	874	126024	0	1084	8h 2m 34s	3409	22.35s	192	6.22K	0	1150	6.71Q	0	145692	695.86S	0	10	3438	807442	1204	5951	1376
2025-08-19		farm	07:07:00	15	347115	252.97S	462	6	$26.03B	$17.40B	54.33K	0	1.10T	2.03B	26.05B	926.52B	70.95B	802.60M	73.35B	0	0	2.16B	0	3	9	0	4.46O	x8.00	410.07T	65.67q	1.13Q	0	0	640.73q	0	20532	648936	48631	149724	0	1031	1427	1262	1d 14h 12m 27s	4	18	15	686.58M	0	0.00	0	$11.86M	Scatter	6.65s	243371	0	10	3.51O	653.45K	0	10.86M	47.35s	869	125931	0	1078	8h 0m 6s	3454	41.63s	336	5.90K	0	1179	32.23Q	0	145099	693.05S	0	10	3378	805539	1121	5924	1359
2025-08-18		farm	18:05:00	15	311150	14.18S	398	18	$2.48B	$1.33B	41.01K	17.84s	939.43B	1.80B	21.44B	793.28B	59.13B	656.77M	60.45B	0	0	1.80B	0	1	21	0	261.88S	x8.00	371.49T	26.22q	452.83q	0	2.21q	214.86q	157	25950	546769	34863	123443	0	1317	1904	1337	1d 9h 29m 1s	5	0	12	559.66M	0	0.00	0	$10.48M	Basic	527.19Q	207098	354.92B	0	209.72S	550.39K	0	8.77M	6.64s	773	104518	2	898	6h 59m 9s	3026	5.80s	240	6.00K	0	923	3.60Q	0	122499	37.95S	0	10	2700	692157	879	5240	1206
2025-08-18		farm	10:55:00	15	346323	223.00S	455	24	$9.17B	$5.76B	53.12K	25.11s	930.03B	1.68B	21.78B	787.92B	54.20B	643.79M	61.11B	0	0	1.78B	0	1	15	0	3.91O	x8.00	487.82T	61.90q	1.07Q	0	0	226.49q	0	17591	634299	41620	148110	0	928	1544	1199	1d 13h 52m 39s	6	18	18	561.15M	0	2.17T	0	$11.82M	Ranged	904.63Q	242363	0	9	3.09O	638.38K	0	9.90M	7.73s	871	125281	0	624	8h 1m 46s	3452	6.78s	240	5.33K	0	712	3.51Q	0	145071	598.02S	0	10	2061	802136	725	5913	1366
2025-08-17		farm	21:39:00	12	173134	18.22s	220	12	$9.13B	$6.07B	12.28K	0	362.81B	620.14M	7.39B	314.18B	18.78B	227.22M	20.69B	0	0	1.07B	0	0	9	0	382.78s	x8.00	2.82q	3.60q	64.79q	0	0	101.79q	0	4218	266629	6550	50230	0	911	1387	1129	18h 14m 50s	4	2	6	199.58M	0	0.00	2.29Q	$5.70M	Vampire	12.79Q	99345	24.19T	1	331.77s	268.42K	0	3.51M	3.24s	396	40787	0	251	3h 52m 54s	1650	2.83s	160	3.24K	0	244	356.99q	0	51728	29.53s	0	11	774	324518	279	2863	667
2025-08-17		farm	16:29:00	21	347520	265.05S	457	12	$27.19B	$18.17B	48.97K	0	1.18T	2.26B	27.25B	993.31B	74.29B	832.96M	76.22B	0	0	1.97B	0	1	3	0	4.95O	x8.00	332.91T	82.95q	1.42Q	0	0	295.82q	0	23839	568597	91984	148852	0	1188	1563	1248	1d 13h 43m 26s	10	2	15	731.97M	0	2.17T	16.97Q	$11.89M	Ranged	389.54Q	242075	537.99T	0	3.93O	572.37K	0	14.37M	2.94s	871	126292	0	1124	7h 44m 35s	3455	2.15s	288	6.99K	0	1165	7.42Q	0	145331	755.34S	0	10	3451	806235	1162	5941	1367
2025-08-17		farm	08:09:00	0	350484	171.18S	459	33	$6.21B	$3.93B	48.49K	0	1.13T	2.17B	26.80B	953.62B	71.32B	832.10M	75.23B	0	0	2.00B	0	4	30	0	3.29O	x8.00	315.25T	77.81q	1.30Q	0	0	873.94q	0	28958	557769	88520	150478	0	867	1429	1095	1d 14h 29m 39s	2	11	12	663.98M	0	0.00	0	$11.95M	Fast	2.79s	244098	534.75T	3	2.62O	560.93K	0	13.82M	20.75s	872	126946	1	1119	8h 14m 30s	3487	15.31s	272	6.37K	0	1243	38.92Q	0	146802	497.91S	0	10	3501	815007	1139	5968	1369
2025-08-16	Super tower and crit chance cards, instead of plasma cannon and energy net	tournament	23:54:00	0	63774	6.93Q	123	0	$458.92M	$381.23M	531	0	5.77B	0	329.26M	4.52B	223.80M	14.65M	636.85M	0	0	0	0	0	0	302.14T	250.17Q	x8.00	2.02q	652.63T	4.42q	0	51.04Q	15.06q	3671	2052	13828	2174	13334	0	509	551	553	7h 17m 54s	2	0	0	9.80M	0	0.00	0	$2.24M	Fast	1.13Q	30594	528.11T	0	97.25Q	71.50K	0	1.72M	71.24Q	132	9521	0	31	1h 49m 28s	657	20.25Q	0	848	0	18	74.32q	0	13563	22.49Q	0	8+	77	101064	28	864	0
2025-08-16		farm	22:07:00	15	347564	181.08S	457	21	$22.09B	$14.15B	48.95K	0	1.14T	2.14B	26.40B	959.89B	69.62B	822.92M	74.00B	0	0	2.00B	0	0	18	0	3.46O	x8.00	356.13T	79.34q	1.32Q	2	0	187.04q	0	21740	568391	91283	150067	0	902	1392	1101	1d 14h 4m 4s	9	7	6	679.42M	0	2.16T	29.37Q	$11.92M	Ranged	293.59Q	243697	530.82T	7	2.75O	572.12K	0	14.08M	2.90s	865	127146	0	1106	7h 58m 43s	3488	2.14s	368	6.47K	0	1185	6.39Q	0	145480	528.16S	0	10	3420	808553	1129	5966	1380
2025-08-16	with energy net and plasma cannon	tournament	11:05:00	3	62951	7.18Q	124	3	$371.15M	$306.62M	573	0	6.09B	10.88M	348.41M	4.76B	234.56M	16.27M	671.16M	0	0	43.03M	0	0	6	0	256.45Q	x8.00	3.12q	203.64T	3.87q	0	62.55Q	7.73q	8689	2408	18582	3228	13180	0	519	516	524	7h 21m 26s	2	0	6	10.57M	0	2.16T	0	$2.25M	Ranged	651.91q	30168	312.75T	0	130.73Q	80.70K	0	1.82M	30.58Q	133	9451	0	31	1h 50m 21s	676	11.82Q	9	1.12K	0	18	54.98q	0	13629	24.70Q	0	8+	79	100087	30	871	0
2025-08-16		farm	09:01:00	12	383147	623.66S	512	18	$28.94B	$19.00B	47.90K	0	1.21T	2.10B	31.42B	999.27B	83.76B	929.49M	87.99B	0	0	1.98B	0	1	21	0	11.24O	x8.00	460.49T	81.23q	1.36Q	2	0	253.95q	0	30828	625503	88312	176927	0	1950	1526	1184	1d 19h 5m 19s	3	6	6	942.68M	0	2.13T	0	$13.29M	Ranged	606.66Q	276274	112.96B	1	8.91O	629.15K	0	15.37M	3.59s	829	150021	1	1255	9h 0m 48s	3818	2.45s	195	5.72K	0	1290	8.63Q	56.06s	169634	1.71O	0	9	3849	921604	1304	6629	1516
2025-08-15		farm	23:54:00	3	342868	185.63S	455	12	$44.65B	$29.76B	47.89K	23.74s	1.13T	1.90B	26.83B	951.77B	72.23B	799.78M	75.06B	0	0	2.08B	0	1	18	0	3.31O	x8.00	468.82T	94.90q	1.59Q	1	0	353.64q	0	19433	519962	72539	146866	0	1692	2084	1177	1d 13h 24m 51s	9	14	0	798.12M	0	2.13T	0	$11.76M	Ranged	460.43Q	239757	112.96B	9	2.63O	522.99K	0	12.64M	4.57s	867	123510	0	1071	7h 46m 6s	3409	3.46s	192	6.36K	0	1128	7.13Q	0	143101	502.83S	0	10	3364	793234	1165	5881	1355
2025-08-15		farm	15:35:00	27	343587	210.93S	452	15	$15.20B	$9.79B	45.87K	0	1.10T	2.03B	25.27B	933.00B	66.50B	781.91M	70.57B	0	0	2.05B	0	1	15	0	3.73O	x8.00	355.48T	76.55q	1.26Q	1	0	889.26q	0	20377	545362	82703	146795	0	1021	1537	1265	1d 13h 38m 40s	5	0	15	835.70M	0	0.00	0	$11.75M	Tank	2.98s	239850	0	1	2.97O	548.45K	0	13.83M	18.82s	867	123876	1	1058	7h 45m 35s	3368	14.06s	192	5.49K	0	1137	19.87Q	0	143315	542.22S	0	10	3317	794631	1122	5891	1369
2025-08-14		farm	22:47:00								51,500		951.8B																																								Fast														8h 11m 39s												10				5829	
2025-08-14		farm	13:06:00								60,350		983.1B																																								Fast														9h 5m 32s												9				6577	
2025-08-13		farm	12:09:00								61,330		1070.0B																																								Ranged														9h 16m 28s												9				6774	
2025-08-12		farm	22:43:00								23,220		545.8B																																								Fast														5h 40m 43s												10				4304	
2025-08-12		farm	16:45:00								56,120		946.3B																																								Ranged														7h 57m 48s												10				5995	
2025-08-12		farm	06:49:00								40,240		735.1B																																								Fast														7h 18m 25s												10				5230	
2025-08-11		farm	21:00:00								54,840		887.4B																																								Ranged														8h 2m 27s												10				5998	
2025-08-11		farm	12:47:00								33,010		580.4B																																								Basic														6h 47m 5s												10				4780	
2025-08-11		farm	05:39:00								58,770		965.5B																																								Fast														8h 35m 33s												10				6101	
2025-08-10		farm	20:54:00								25,020		448.5B																																								Basic														5h 51m 40s												10				4399	
2025-08-10		farm	08:18:00								20,800		445.5B																																								Ranged														5h 20m 41s												10				4019	
2025-08-10		farm	02:45:00								54,670		901.2B																																								Fast														8h 0m 14s												10				5991	
2025-08-09		farm	07:43:00								57,770		997.9B																																								Ranged														8h 19m 47s												10				5982	
2025-08-08		farm	23:04:00								50,890		903.9B																																								Fast														7h 32m 16s												10				5798	
2025-08-08		farm	15:17:00								32,500		672.1B																																								Ranged														5h 31m 2s												11				4047	
2025-08-08		farm	09:27:00								55,780		1030.0B																																								Ranged														8h 51m 12s												9				6605	
2025-08-07		farm	23:43:00								58,490		952.6B																																								Ranged														8h 13m 43s												10				6043	
2025-08-07		farm	14:54:00								58,170		982.3B																																								Basic														8h 1m 25s												10				6011	
2025-08-07		farm	06:34:00								56,140		1010.0B																																								Ranged														8h 10m 40s												10				5994	
2025-08-06		farm	21:49:00								9,850		272.3B																																								Ranged														4h 12m 10s												10				3198	
2025-08-06		farm	07:01:00								55,280		970.3B																																								Basic														7h 54m 40s												10				5943	
2025-08-05		farm	22:43:00								52,170		923.5B																																								Ranged														7h 48m 56s												10				5886	
2025-08-05		farm	14:43:00								52,700		955.5B																																								Basic														8h 0m 31s												10				5935	
2025-08-05		farm	04:57:00								52,560		1030.0B																																								Scatter														9h 0m 29s												9				6622	
2025-08-04		farm	18:59:00								25,730		550.5B																																								Basic														6h 12m 28s												10				4629	
2025-08-04		farm	12:15:00								49,810		920.8B																																								Fast														9h 57m 3s												9				6530	
2025-08-04		farm	01:57:00								51,690		943.8B																																								Fast														8h 17m 2s												10				5945	
2025-08-02	Bumped CF Reduction lvl from 0 to 1 to get a 10% dmg reduction	farm	14:16:00								50,830		1010.0B																																								Ranged														7h 39m 40s												10				5872	
2025-08-01		farm	21:29:00								30,080		623.6B																																								Fast														5h 59m 10s												10				4578	
2025-08-01	Decrease DW cooldown to 250, changing GT/BH sync from 7:1 to 5:1, bumped BH size	farm	14:48:00								51,700		907.3B																																								Fast														7h 59m 31s												10				5903	
2025-08-01		farm	06:40:00								12,430		369.8B																																								Vampire														4h 22m 9s												10				3223	
2025-07-31		farm	17:23:00								50,570		815.4B																																								Fast														7h 41m 37s												10				5692	
2025-07-31		farm	06:23:00								21,390		444.3B																																								Basic														5h 20m 25s												10				4030	
2025-07-30		farm	23:48:00								43,750		794.3B																																								Basic														7h 33m 25s												10				5569	
2025-07-30		farm	16:00:00								47,360		861.0B																																								Scatter														8h 22m 10s												10				5871	
2025-07-30	Back to blender	farm	07:12:00								42,070		566.9B																																								Fast														8h 31m 5s												9				6383	
2025-07-29	Devo	farm	14:29:00								32,200		655.9B																																								Ranged														7h 22m 13s												9				5547	
2025-07-29	Devo	farm	07:20:00								38,330		619.0B																																								Ranged														7h 9m 55s												10				5312	
2025-07-28	Devo (forgot to upgrade)	farm	19:01:00								807		18.8B																																								Ranged														1h 43m 26s												10				1075	
2025-07-28	Devo	farm	16:39:00								26,020		802.6B																																								Fast														7h 1m 17s												10				4690	
2025-07-28	Devo	farm	07:11:00								30,040		656.4B																																								Ranged														7h 11m 0s												10				4987	
2025-07-27	Devo, need more ELS, cash, and remove second wind	farm	18:00:00								31,460		937.4B																																								Basic														8h 15m 18s												8				6179	
2025-07-27	Devo, messed up half way by picking up upgrade perk	farm	07:30:00								44,830		1060.0B																																								Fast														12h 2m 17s												6				8972	
2025-07-26		farm	09:49:00								35,500		792.2B																																								Fast														7h 40m 51s												10				5571	
2025-07-25		farm	22:46:00								36,050		743.1B																																								Ranged														7h 38m 16s												10				5603	
2025-07-25		farm	14:52:00								34,290		640.8B																																								Ranged														7h 1m 54s												10				5281	
2025-07-25		farm	07:32:00								20,400		221.1B																																								Basic														5h 51m 35s												10				4117	
2025-07-24		farm	20:13:00								27,560		498.5B																																								Basic														6h 32m 5s												10				4917	
2025-07-24		farm	12:23:00								26,630		531.8B																																								Ranged														6h 18m 24s												10				4608	
2025-07-24		farm	01:24:00								38,730		654.8B																																								Fast														7h 26m 25s												10				5455	
2025-07-23		farm	15:02:00								36,920		687.9B																																								Ranged														7h 25m 12s												10				5484	
2025-07-23		farm	07:23:00								36,510		679.5B																																								Fast														7h 25m 20s												10				5466	
2025-07-22		farm	19:21:00								27,000		516.8B																																								Basic														6h 27m 14s												10				4899	
2025-07-22		farm	11:52:00								11,300		317.5B																																								Ranged														4h 7m 4s												11				3073	
2025-07-22		farm	07:30:00								18,450		426.3B																																								Basic														5h 25m 0s												10				4070	
2025-07-21		farm	22:49:00								35,700		619.8B																																								Fast														7h 10m 52s												10				5408	
2025-07-21		farm	15:17:00								25,310		484.1B																																								Basic														7h 0m 21s												10				4635	
2025-07-20		farm	16:41:00								34,020		491.8B																																								Ranged														7h 12m 58s												10				5307	
2025-07-20		farm	09:19:00								38,440		452.9B																																								Ranged														8h 18m 29s												9				6168	
2025-07-19		farm	20:06:00								32,680		450.1B																																																						6h 58m 0s												10				5170	
2025-07-19		farm	12:44:00								18,570		243.3B																																								Ranged														4h 59m 46s												11				3426	
2025-07-19		farm	07:22:00								14,260		278.4B																																								Vampire														6h 0m 5s												9				4075	
2025-07-18		farm	14:46:00								32,850		418.1B																																								Fast														7h 10m 50s												10				5277	
2025-07-18	Increased BH size from 30m to 54m	farm	07:02:00								33,890		412.9B																																								Fast														8h 16m 6s												9				6000	
2025-07-17		farm	16:30:00								18,230		181.8B																																								Fast														4h 42m 3s												11				3515	
2025-07-17		farm	07:19:00								34,770		315.0B																																								Ranged														8h 58m 39s												9				5958	
2025-07-16		farm	21:41:00								17,190		165.7B																																								Fast														4h 47m 25s												11				3441	
2025-07-16		farm	14:47:00								32,430		278.6B																																								Fast														6h 55m 35s												10				5157	
2025-07-15		farm	14:33:00								27,880		257.5B																																								Fast														7h 7m 27s												10				5006	
2025-07-14		farm	00:02:00								30,480		233.2B																																								Fast														7h 5m 0s												10				5076	
2025-07-04		farm	06:19:00								21,530		180.9B																																								Scatter														5h 59m 54s												10				4401	
2025-07-03		farm	20:00:00								23,800		163.7B																																								Fast														6h 19m 58s												10				4620	
2025-07-03		farm	13:26:00								25,170		160.2B																																								Ranged														6h 10m 25s												10				4545	
2025-07-02		farm	06:30:00								25,550		180.6B																																								Basic														6h 13m 10s												10				4624	
2025-06-20		farm	12:50:00								14,080		127.3B																																								Basic														5h 43m 3s												9				4156	
2025-06-18		farm	17:26:00								12,460		120.5B																																								Ranged														4h 59m 53s												10				3600	
2025-06-16		farm	12:34:00								11,170		102.9B																																								Basic														4h 45m 35s												10				3524	
2025-06-15		farm	08:21:00								13,320		113.0B																																								Fast														5h 43m 27s												9				4244	
2025-06-13		farm	15:55:00								14,190		126.1B																																								Vampire														6h 2m 6s												9				4443	
2025-06-13	Unlocked Wall	farm	07:47:00								14,160		144.0B																																								Tank														8h 26m 4s												7				5619	
2025-06-12		farm	12:59:00								12,000		108.0B																																								Fast														5h 1m 21s												10				3689	
2025-06-10		farm	15:54:00								11,140		101.7B																																								Protector														4h 56m 13s												10				3579	
2025-06-09		farm	14:53:00								10,830		91.8B																																								Ranged														4h 50m 35s												10				3562	
2025-06-09		farm	09:43:00								14,740		89.9B																																								Ranged														8h 14m 51s												7				5541	
2025-06-06		farm	23:55:00								18,670		71.5B																																								Vampire														10h 39m 0s												6				7269	
2025-06-03		farm	15:13:00								16,470		51.7B																																								Basic														6h 42m 5s												9				4701	
2025-05-21		farm	14:07:00								9,830		49.9B																																								Basic														9h 20m 16s												6				5630	
2025-05-20		farm	14:22:00								9,200		54.4B																																								Vampire														6h 32m 20s												8				4355	
2025-05-19		farm	15:49:00								9,530		62.4B																																								Scatter														7h 33m 20s												7				4986	
2025-05-16		farm	11:05:00								7,840		45.3B																																								Tank														8h 58m 31s												5				5711	
2025-05-12		farm	02:36:00								2,150		21.8B																																								Fast														4h 57m 45s												3				6750	
2025-05-02		farm	17:09:00								8,470		12.4B																																								Basic														7h 41m 34s												7				4837	
2025-04-30		farm	13:46:00								6,500		11.3B																																								Basic														8h 53m 3s												5				5643	
2025-04-28		farm	13:35:00								3,350		2.8B																																								Basic														5h 34m 43s												7				3336	
2025-04-25		farm	16:33:00								2,150		3.0B																																								Ranged														4h 57m 45s												6				3124	
2025-04-25		farm	11:27:00								1,970		1.7B																																								Tank														4h 25m 56s												7				2722	
2025-04-22		farm	11:33:00								7,000		4.1B																																								Vampire														9h 3m 33s												5				5695	